name,proba_default_next_timestep
Aaron Huston,0.7264668345451355
Abbey Kluth,0.7183097004890442
Abe Prophet,0.7376121878623962
Abel Emmett,0.7329441905021667
Abraham Maggi,0.7383314371109009
Adah Curnutt,0.7381618022918701
Adaline Santos,0.7158675789833069
Adan Havlik,0.7246368527412415
Adelia Terwilliger,0.7344968914985657
Adeline Hodgkinson,0.7329197525978088
Adrian Moe,0.7282768487930298
Adrien Schlagel,0.7318657636642456
Agatha Brindley,0.7397921085357666
Agnus Abadie,0.7280328273773193
Agnus Hemmings,0.7348214983940125
Agustina Spargo,0.7043365836143494
Ahmad Eagles,0.7384093999862671
Ahmad Eakin,0.7311698794364929
Ahmed Lisby,0.7128578424453735
Aida Kittel,0.7349498867988586
Aida Osterman,0.7227166295051575
Aimee Macke,0.7224586009979248
Alaina Stutzman,0.7280262112617493
Alayna Alger,0.733775794506073
Alba Resnick,0.733932375907898
Albert Wentworth,0.7283451557159424
Alberta Paugh,0.7291133999824524
Alberto Huling,0.728826642036438
Alda Overfelt,0.7243257164955139
Alden Fyfe,0.7300558686256409
Alden Vandever,0.7117881774902344
Alejandra Foti,0.7268033027648926
Alethia Klick,0.7389513254165649
Alex Earle,0.7335264086723328
Alfonso Boggs,0.7345156073570251
Alfonzo Pilger,0.7306529879570007
Alfred Fitzsimons,0.7227516770362854
Alfred Virgen,0.7411035895347595
Alica Lomax,0.7340799570083618
Alice Summerford,0.726839542388916
Alice Wehling,0.7123290300369263
Alicia Wee,0.726676881313324
Alisa Carpenter,0.7313250303268433
Alita Villasenor,0.7343008518218994
Alla Vaillancourt,0.7329815626144409
Alleen Credle,0.7238615155220032
Alleen Litz,0.7340184450149536
Alline Jezierski,0.7117987871170044
Allyson Giberson,0.7339253425598145
Alma Balboa,0.731380820274353
Almeda Sanders,0.732465922832489
Alona Cookingham,0.7293225526809692
Altagracia Harting,0.7260010242462158
Alton Barber,0.7392860651016235
Alva Guadarrama,0.7135439515113831
Alvera Goffney,0.7184382677078247
Alvin Bise,0.7370209693908691
Alycia Kitchell,0.7398647665977478
Alyssa Mintz,0.725420355796814
Amal Gillenwater,0.7147260308265686
Ambrose Puthoff,0.7341841459274292
Amee Eakin,0.7186375856399536
Amelia Brode,0.7333014607429504
Amos Penhollow,0.729338526725769
An Jain,0.7290687561035156
Anabel Odem,0.7321792244911194
Anamaria Elsea,0.738781750202179
Anamaria Hamernik,0.7363980412483215
Anamaria Tutt,0.7378278970718384
Andres Schecter,0.7392714619636536
Angeles Bucholtz,0.7331658601760864
Angelia Barragan,0.7168606519699097
Angelic Fillmore,0.7218073010444641
Angelika Halberg,0.7313448786735535
Angelika Lamorte,0.725126326084137
Angeline Gennaro,0.7389344573020935
Angelyn Cavaliere,0.7244486212730408
Angla Durrah,0.7336735725402832
Anh Honn,0.7373124957084656
Anika Fetzer,0.7283985614776611
Anisa Aitchison,0.7283702492713928
Anisa Gammill,0.7051166296005249
Anisha Abelson,0.7225947380065918
Annabel Rolph,0.7395057082176208
Annabell Roll,0.7328820824623108
Annalee Sly,0.7349710464477539
Annamae Slayton,0.7301952242851257
Annamaria Weatherholt,0.716435968875885
Anne Hadlock,0.7348636984825134
Anne Mielke,0.7329748272895813
Annemarie Vankleeck,0.7284863591194153
Annett Pooley,0.7256154417991638
Anthony Radigan,0.7404791116714478
Antoinette Belding,0.7276250123977661
Antonietta Wilton,0.7370181679725647
Antonina Sokolowski,0.7336956262588501
Antwan Delia,0.7165386080741882
Arcelia Petrick,0.7396105527877808
Ardath Armand,0.7287786602973938
Ardelia Bagley,0.7231806516647339
Ardelia Schewe,0.7024853825569153
Ardith Citizen,0.7221545577049255
Ardith Cournoyer,0.7352716326713562
Argelia Hieb,0.7386999726295471
Arianna Aronson,0.7168407440185547
Ariel Mathisen,0.7396419048309326
Ariel Ratley,0.7326921224594116
Arlena Nowlen,0.7291737794876099
Arlena Oren,0.7237107753753662
Arletha Plumadore,0.7371360659599304
Arlette Maclean,0.7395886182785034
Arlinda Lawalin,0.7216606140136719
Arline Aceto,0.7267646193504333
Arlyne Acy,0.7191513180732727
Armanda Primus,0.7340587973594666
Armando Bilger,0.7293939590454102
Arnette Crays,0.727095365524292
Arnette Finnell,0.7210031151771545
Arthur Finnie,0.715246319770813
Arturo Heinrich,0.7208772897720337
Ashlea Pietz,0.7293268442153931
Ashton Girouard,0.7264796495437622
Assunta Hebel,0.7343077063560486
Assunta Stoval,0.7218170762062073
Astrid Laurence,0.728293776512146
Asuncion Leath,0.7327966690063477
Audry Talarico,0.7156378626823425
Augustine Oliveros,0.7365956902503967
Aundrea Rench,0.7348293662071228
Aurelia Delay,0.7256625890731812
Aurelio Roman,0.7322263717651367
Aurora Mccarley,0.7295840382575989
Aurora Stricklin,0.726535439491272
Austin Sharrock,0.7306722402572632
Avelina Sheaffer,0.7335190176963806
Avril Densmore,0.7267335057258606
Azalee Lao,0.7277048826217651
Babette Sharrow,0.7346264719963074
Bailey Hynek,0.6949979066848755
Bambi Leppert,0.7387287020683289
Barry Heatley,0.7412371635437012
Barry Peckham,0.7339274883270264
Barton Twine,0.7325811386108398
Beata Bevans,0.727879524230957
Beatris Schneider,0.7326721549034119
Beau Villanova,0.7194997072219849
Beckie Balbuena,0.7276879549026489
Becky Oh,0.7253914475440979
Bell Felkins,0.739396870136261
Belva Brownstein,0.7269487380981445
Belva Hash,0.7180935740470886
Bennie Frisbie,0.7273471355438232
Bennie Schunk,0.7265806198120117
Bernadine Schuett,0.7115256786346436
Berneice Power,0.7395219206809998
Bernetta Baeza,0.7288129925727844
Bernetta Nebel,0.7303506135940552
Bertha Dearman,0.723017156124115
Beryl Frison,0.7260016798973083
Beryl Roeser,0.7268876433372498
Bethel Kelson,0.7417106032371521
Betsey Son,0.7257425785064697
Betty Gunia,0.7274215817451477
Bettye Avendano,0.7212406396865845
Beverlee Mischke,0.723881185054779
Beverlee Vail,0.7400524020195007
Beverley Lister,0.71597820520401
Bibi Villafuerte,0.7304475903511047
Billye Ashford,0.72684246301651
Birdie Smelley,0.7338230609893799
Birgit Strackbein,0.7215220928192139
Blair Lukach,0.7191340327262878
Blair Schroder,0.7333646416664124
Blanca Drost,0.7233121991157532
Blanche Bugarin,0.7377228736877441
Blanche Straka,0.7337912917137146
Blythe Carbonneau,0.7321866750717163
Bobbi Guerette,0.733985185623169
Bobbie Glanton,0.7340110540390015
Bok Leclaire,0.7054497599601746
Booker Gadberry,0.7388529181480408
Boris Tebbs,0.7224823236465454
Boyd Silliman,0.7332097887992859
Bradford Villavicencio,0.7251809239387512
Bradley Muench,0.7359711527824402
Bradly Bustos,0.7222104072570801
Bradly Culler,0.7388648390769958
Brain Cassity,0.7330695986747742
Branda Pittman,0.7387072443962097
Brande Buttner,0.7352614998817444
Brant Spires,0.7172617316246033
Breanna Bowden,0.7204717993736267
Breanna Hodgkins,0.7305040955543518
Breanne Haught,0.7271705269813538
Brendan Josephson,0.7280716896057129
Brett Minard,0.7399382591247559
Brice Mahaney,0.7171969413757324
Brigitte Prom,0.732893168926239
Britni Friel,0.7218587398529053
Britni Pagel,0.7110120058059692
Brooke Novello,0.7276656031608582
Bruce Johns,0.740197479724884
Bruna Spada,0.7320393919944763
Bruna Stearns,0.7316601276397705
Bruno Newbern,0.7343418598175049
Bryant Axley,0.7339426875114441
Bryant Kovar,0.7231742143630981
Bryant Mackin,0.7340437173843384
Brynn Portis,0.7208850979804993
Brynn Whisenhunt,0.7287916541099548
Bud Grosse,0.7252597808837891
Buffy Bruening,0.7278814315795898
Buford Blauvelt,0.7383327484130859
Buford Neblett,0.7032341957092285
Burl Nevius,0.7338765263557434
Burton Hyden,0.7386654019355774
Buster Pompei,0.7335497736930847
Caitlyn Kulesza,0.7269311547279358
Caitlyn Lindsley,0.7345362305641174
Callie Colvard,0.727747917175293
Callie Kulinski,0.740128755569458
Cameron Carbonell,0.7288089990615845
Cameron Danziger,0.7274647355079651
Camila Mess,0.7382174730300903
Camilla Cashwell,0.711298942565918
Candace Smoak,0.717219889163971
Candace Yau,0.7204942107200623
Candance Dively,0.7388016581535339
Candelaria Dibble,0.7335371971130371
Candi Kammer,0.7147042155265808
Candida Rieder,0.7170697450637817
Candis Fite,0.7320743799209595
Candra Lerman,0.7275308966636658
Candyce Vandervoort,0.7217596173286438
Cara Talty,0.7281001210212708
Caren Knell,0.7231375575065613
Carey Rhines,0.7390900254249573
Carie Croston,0.71440190076828
Carl Hickerson,0.7395311594009399
Carlee Gibeault,0.7347052097320557
Carlena Holeman,0.7318872809410095
Carlie Casimir,0.7344686985015869
Carline Restrepo,0.7198176383972168
Carlo Criner,0.7283380627632141
Carlo Harrelson,0.7162821888923645
Carlton Leeks,0.7313746213912964
Carly Buitron,0.7143153548240662
Carmelina Burress,0.7284818887710571
Carmelita Kepley,0.7396165132522583
Carmelita Ritzer,0.7275893688201904
Carmella Buchanan,0.7332538962364197
Carmelo Mckee,0.7265917658805847
Carmine Montelongo,0.734437108039856
Carmine Tappan,0.7240106463432312
Carol Dacosta,0.7205024361610413
Carolee Cowley,0.7349094748497009
Carolina Keppel,0.7333192229270935
Carolyn Witmer,0.727985680103302
Carolyne Genthner,0.7290096879005432
Carolyne Radley,0.7264379858970642
Carolynn Torgrimson,0.7276321649551392
Carter Kaczorowski,0.7139791250228882
Cary Steveson,0.7329736948013306
Cassaundra Cirilo,0.7261370420455933
Cassey Viverette,0.7139254808425903
Cassy Heuer,0.7337800860404968
Catalina Fritze,0.7228173613548279
Catherin Parisien,0.7333968281745911
Catrice Palumbo,0.731741726398468
Catrice Tyree,0.7166058421134949
Catrina Constantine,0.7318786978721619
Cayla Butters,0.7275438904762268
Cecila Books,0.7293175458908081
Cecile Dall,0.726502001285553
Cecily Straka,0.7341785430908203
Cedric Bazile,0.7274941205978394
Celesta Deng,0.7204846143722534
Ceola Costas,0.7333536744117737
Chad Tsan,0.7324154376983643
Chana Furniss,0.7339505553245544
Chana Kulp,0.7379570007324219
Chana Santamaria,0.7264513969421387
Chantal Gaut,0.7339472770690918
Chante Mowery,0.7339929342269897
Chantell Hanshaw,0.7226361036300659
Chantelle Eaker,0.7356733679771423
Chara Mahlum,0.7208298444747925
Chara Rochelle,0.727256178855896
Chara Starkes,0.7265706062316895
Charisse Dille,0.7338613271713257
Charity Robbins,0.7280927300453186
Charla Ashe,0.7270599007606506
Charleen Bost,0.7246426939964294
Charlette Villeda,0.7269642949104309
Charley Ding,0.7351261377334595
Chastity Dowell,0.738979160785675
Chau Dunkle,0.7270827889442444
Chau Luczynski,0.7377381324768066
Chau Well,0.7339159846305847
Chelsie Brewton,0.7381667494773865
Chelsie Dunmore,0.7206352353096008
Chere Bahl,0.7270177006721497
Cheri Kennon,0.7225030064582825
Cherilyn Kelsey,0.728303074836731
Cherise Chaney,0.7139109373092651
Chery Sherrill,0.7349790334701538
Chery Stinson,0.7280224561691284
Cheryle Gillies,0.7322844862937927
Chester Heron,0.7212397456169128
Chi Demery,0.7388110160827637
Chieko Zamora,0.7334511876106262
Chong Nalls,0.7359371781349182
Chrissy Brockington,0.728839099407196
Christa Gobel,0.7266241312026978
Christi Schantz,0.726893961429596
Christian Arredondo,0.7332965731620789
Christin Svoboda,0.7290841937065125
Chun Spiess,0.7216415405273438
Ciera Riss,0.734379231929779
Cierra Liakos,0.7335180044174194
Cinda Minor,0.7380561232566833
Cindy Poovey,0.7272580862045288
Claire Edler,0.7323418259620667
Clare Tilly,0.724513053894043
Clarence Seller,0.7326158881187439
Claretta Carasco,0.723749041557312
Clarine Moshier,0.7246044278144836
Claude Nusbaum,0.7339271903038025
Claudie Demuth,0.7336733341217041
Claudio Anson,0.7292772531509399
Clay Almeida,0.7318716049194336
Clay Barrington,0.7291958332061768
Clemente Gingerich,0.7268014550209045
Clementina Hammes,0.7187697291374207
Clemmie Lawrence,0.72755366563797
Cleotilde Carty,0.723197340965271
Cleta Beachy,0.7327008843421936
Cleta Kinsman,0.7267712354660034
Cletus Nitta,0.7211127877235413
Clifford Hammersley,0.7084863781929016
Clifton Ellwood,0.7184475660324097
Clorinda Looby,0.7214937806129456
Clotilde Schultze,0.734484851360321
Codi Roloff,0.738380491733551
Coleen Jeter,0.7360572814941406
Coleen March,0.7203943133354187
Colene Fitts,0.7171242833137512
Colene Goff,0.7330365180969238
Colette Letson,0.734753429889679
Colette Swaney,0.7285258769989014
Collene Carlberg,0.7279606461524963
Collene Larocco,0.7321316003799438
Collin Godby,0.7220087647438049
Consuela Gasca,0.726975679397583
Consuela Kottke,0.7095829844474792
Corie Grove,0.7299147844314575
Corine Modzelewski,0.714210569858551
Corinne Cimini,0.7390255331993103
Corliss Mccampbell,0.7336277365684509
Corrin Mask,0.7240385413169861
Corrinne Tumlinson,0.7318556904792786
Cortez Cangelosi,0.7175124883651733
Cory Savage,0.7183114886283875
Craig Jasmin,0.7331435084342957
Cristin Bunch,0.7329737544059753
Cristobal Tygart,0.733350932598114
Cristopher Skerrett,0.7346097230911255
Cristy Luzier,0.7219268679618835
Crystal Donlon,0.7310465574264526
Curtis Sher,0.7306146025657654
Cyndy Levalley,0.7290152311325073
Cyrstal Thoma,0.7242035865783691
Dahlia Pedrick,0.7298589944839478
Dahlia Quade,0.7293218374252319
Daisey Myles,0.7237764000892639
Dalene Bialaszewski,0.7176918983459473
Dalia Sackett,0.7279645800590515
Dalila Mccalla,0.7117016315460205
Damian Moles,0.7215778827667236
Damian Rhines,0.7333681583404541
Damien Rathbun,0.7206156253814697
Damon Bainbridge,0.7397009134292603
Dana Mckamey,0.7272207140922546
Danae Mcinnis,0.735345184803009
Danae Rosenbeck,0.7181294560432434
Dane Reeve,0.7395329475402832
Danette Davi,0.7167149186134338
Dani Landry,0.7333112955093384
Daniel Ratliff,0.7341803312301636
Daniela Cairns,0.7265546321868896
Daniela Spinella,0.7230822443962097
Daniell Blasi,0.7207878828048706
Danika Strawser,0.7282238006591797
Dann Kerwin,0.723068356513977
Dann Seavey,0.7355282306671143
Danna Weatherby,0.739705502986908
Dannie Hallam,0.7313678860664368
Dannielle Sherwood,0.7361994981765747
Danny Charland,0.7268478870391846
Danyell Zimmerer,0.735606849193573
Danyelle Minder,0.7226491570472717
Daphine Ates,0.7331600785255432
Dara Ottman,0.7318622469902039
Dara Prevost,0.7286209464073181
Darby Santana,0.7324138283729553
Darcel Stagner,0.7260093092918396
Darcie Gandhi,0.7394527792930603
Darell Overson,0.7324662208557129
Daria Vangieson,0.7234722971916199
Darin Greenwald,0.7392082214355469
Darrel Cianciolo,0.7311009168624878
Darren Tucker,0.7297876477241516
Darron Schaffer,0.7307819128036499
Darron Spagnuolo,0.7336327433586121
Darwin Domenick,0.7282381057739258
David Hyre,0.7190307974815369
Davina Burgo,0.72369384765625
Dawn Nicely,0.7280220985412598
Dawna Raso,0.7335383892059326
Dayle Laramore,0.7157891392707825
Dayna Kerfoot,0.7394875288009644
Deandra Tagle,0.7261741161346436
Deandrea Yedinak,0.738917350769043
Deane Newcombe,0.7276409864425659
Deanne Schisler,0.7331711053848267
Debbie Holley,0.7051166296005249
Debera Italiano,0.7378075122833252
Debera Strite,0.7392314076423645
Debroah Morlan,0.7333914041519165
Dede Ganey,0.7239670753479004
Deja Lion,0.7231562733650208
Delana Fino,0.7277153134346008
Delfina Snider,0.7110772728919983
Delila Roque,0.7268865704536438
Delila Sylvester,0.7315016388893127
Delmar Facey,0.7266868352890015
Delmar Tousant,0.7286248803138733
Delois Dyer,0.7329025864601135
Delora Conlee,0.7292124629020691
Deloris Meiners,0.7336952090263367
Delpha Stamand,0.7225061058998108
Delphia Hillwig,0.7276002168655396
Delphia Palacio,0.7350934743881226
Delsie Tarrant,0.7253525257110596
Delta Gioia,0.7240732312202454
Demarcus Edler,0.7156931161880493
Dena Bains,0.7194399833679199
Deneen Volkert,0.7209755182266235
Deneen Yeaman,0.7280482053756714
Denna Rumery,0.732711672782898
Denny Paschall,0.7403542995452881
Denny Webber,0.7291162014007568
Denyse Kung,0.7315751314163208
Deon Noble,0.7278738617897034
Deonna Wildes,0.7335822582244873
Derick Maus,0.7188525795936584
Deshawn Bohler,0.7280200123786926
Despina Alegria,0.7278405427932739
Dessie Townson,0.7383348941802979
Devin Roden,0.7150907516479492
Dewayne Maffucci,0.7218061685562134
Dewitt Matthews,0.7290610074996948
Diamond Ohman,0.7279334664344788
Dian Buentello,0.7201060056686401
Dick Loaiza,0.7364032864570618
Dion Justin,0.7299063801765442
Dion Wingrove,0.7210480570793152
Dione Jiminez,0.7281718254089355
Dionne Aman,0.7284532785415649
Dodie Degennaro,0.733920156955719
Dolores Segundo,0.7131074666976929
Dominic Garofalo,0.7321917414665222
Dominic Gullett,0.7275452017784119
Dominique Graves,0.7153558135032654
Dominque Massey,0.7219858169555664
Domitila Olvera,0.729249119758606
Dona Warnock,0.7146870493888855
Donald Goudy,0.7328748106956482
Dong Vong,0.7385755181312561
Donita Gaut,0.7201733589172363
Donnie Standish,0.7346246242523193
Donovan Yoder,0.7084122896194458
Doretta Pagaduan,0.7341219782829285
Dorla Bogart,0.7279911041259766
Dorris Velez,0.7271765470504761
Dortha Holtzman,0.7209227085113525
Dortha Macdonald,0.7164585590362549
Dorthea Tarry,0.7325002551078796
Dorthey Lodge,0.7324540019035339
Douglas Halbrook,0.7274186015129089
Dreama Henline,0.7343764901161194
Dreama Tugwell,0.7278943657875061
Drema Carlo,0.7274546027183533
Dusti Rueb,0.7207832336425781
Dustin Goucher,0.7325060963630676
Dwana Burdo,0.7377915978431702
Dwight Neisler,0.7184838652610779
Dwight Ohara,0.7203602194786072
Earlean Cichon,0.7227302193641663
Earline Helmick,0.7051922082901001
Ed Mcmunn,0.7260010242462158
Edda Boettger,0.7267643213272095
Eden Tibbals,0.7280742526054382
Edison Laymon,0.7269519567489624
Edith Couto,0.7273434996604919
Edmundo Echavarria,0.7223775386810303
Edmundo Rosenquist,0.7399539947509766
Edna Kemplin,0.7396076917648315
Eduardo Paez,0.7325677871704102
Edward Pella,0.7140378952026367
Edyth Rhee,0.7175642251968384
Efren Wilk,0.7165651917457581
Ehtel Debnam,0.7388302683830261
Eladia Chapin,0.726629376411438
Elanor Situ,0.7324171662330627
Elayne Kulpa,0.7380000352859497
Elda Owusu,0.7331264615058899
Elden Gillenwater,0.7215674519538879
Elden Jelks,0.7374666333198547
Eldon Reiss,0.727217972278595
Eldon Wilbourn,0.7204835414886475
Eldridge Mccarver,0.7339885234832764
Eleni Loudin,0.7335762977600098
Elenor Kerfoot,0.7155520915985107
Elenor Vince,0.7296770811080933
Elenora Paez,0.6966986060142517
Eleonore Mccranie,0.7284946441650391
Eleonore Tatman,0.7268839478492737
Elfreda Rowse,0.735365092754364
Elia Veasey,0.7332740426063538
Eliana Earl,0.716806173324585
Elidia Despain,0.735292375087738
Elise Ramsdell,0.7283181548118591
Elizabeth Barbee,0.7180349230766296
Ellamae Wimmer,0.7379690408706665
Ellan Lazaro,0.7226743102073669
Ellen Collie,0.7284515500068665
Elliot Loera,0.7269480228424072
Elliott Fong,0.7317749261856079
Ellsworth Maclennan,0.7288249135017395
Elly Escamilla,0.7331234216690063
Elma Bozell,0.7232723236083984
Elmira Crudup,0.733647882938385
Eloisa Rockett,0.7264328002929688
Elsa Vivas,0.7382389903068542
Elsy Speier,0.7289004325866699
Elva Serfass,0.7112001776695251
Elvera Yancy,0.7268445491790771
Elvie Crudup,0.7318994998931885
Elwanda Saver,0.7274623513221741
Elyse Haner,0.7201871275901794
Elyse Shaddix,0.7292672395706177
Emelina Phalen,0.7321648597717285
Emerson Vaz,0.731603741645813
Emil Mccarron,0.7278603315353394
Emil Oler,0.732840895652771
Emile Farney,0.7266860604286194
Emilee Samford,0.7275408506393433
Emilie Fairley,0.727724552154541
Emilio Niehaus,0.7329488396644592
Emma Dunkel,0.7232086062431335
Emmaline Isett,0.7375982999801636
Emmanuel Fleisher,0.7281343936920166
Emmett Livermore,0.7212471961975098
Eneida Cheatwood,0.7263004779815674
Enid Couch,0.7257480621337891
Enrique Wendell,0.7325566411018372
Erasmo Plaisance,0.731357753276825
Eric Leal,0.7349045872688293
Erica Aguiar,0.7108393907546997
Erich Corr,0.739507257938385
Erik Gullett,0.7096748948097229
Erlinda Greenman,0.7163658738136292
Erminia Bittinger,0.7202881574630737
Erminia Boehmer,0.7298979759216309
Ernest Florian,0.7327936291694641
Ernest Mulkey,0.7266696095466614
Ernestine Freeze,0.7104671597480774
Esta Cataldo,0.7274975776672363
Estefana Eccleston,0.7261492013931274
Estefana Willmore,0.7385838627815247
Estell Mcfatridge,0.7376747131347656
Ethan Mosteller,0.7234993577003479
Ethelene Monaco,0.7401283979415894
Ethelyn Joesph,0.7210920453071594
Ettie Bushong,0.7248209714889526
Ettie Rozek,0.7272875308990479
Eufemia Oller,0.7185072302818298
Eugena Helland,0.7200548648834229
Eugene Cree,0.7226037979125977
Eugenia Jaffe,0.7226428985595703
Eunice Broadwater,0.7287441492080688
Eunice Malik,0.7173052430152893
Eusebio Seo,0.7232147455215454
Eva Bamburg,0.7210195064544678
Evalyn Ipock,0.733672559261322
Evalyn Trabert,0.7319955825805664
Evelyne Griffith,0.7319611310958862
Evelynn Merkley,0.7223078608512878
Evie Winslett,0.7370365858078003
Evonne Waltz,0.7344131469726562
Ewa Newton,0.7179166674613953
Fatima Peralto,0.7310905456542969
Faviola Marbury,0.7250409722328186
Fawn Pascal,0.7232815027236938
Fawn Sage,0.7262140512466431
Fe Ditch,0.7220408320426941
Fe Leader,0.7215597033500671
Fe Taber,0.7371759414672852
Fe Zurita,0.7182475924491882
Felecia Rains,0.7390105724334717
Felicia Leicht,0.7229074835777283
Felicia Mcanulty,0.7338621020317078
Felicia Quesnel,0.7383047938346863
Ferdinand Thoman,0.7288867831230164
Fermin Nunley,0.7234954237937927
Fernande Bedard,0.7270900011062622
Fernando Bordelon,0.7286767363548279
Fidel Harrelson,0.70395827293396
Fiona Vancamp,0.7201679348945618
Fleta Groseclose,0.7262056469917297
Fleta Kogan,0.7285268902778625
Fleta Willms,0.7333090901374817
Fletcher Omara,0.7395724654197693
Flo Heidecker,0.7323300838470459
Flora Svendsen,0.7271587252616882
Floretta Slemp,0.7289550304412842
Floria Dave,0.733586311340332
Floria Sprenger,0.7334746718406677
Florinda Lonergan,0.7282688617706299
Florine Vu,0.7171282172203064
Florrie Mecham,0.7207759618759155
Florrie Scranton,0.7273364663124084
Flossie Wilber,0.7356421947479248
Forest Kates,0.7368547320365906
Forrest Sunderman,0.732329249382019
Foster Modeste,0.7258636951446533
Fran Cardinal,0.7335556149482727
Francisca Heth,0.7187685966491699
Frank Correll,0.7249464392662048
Franklin Bolling,0.733916699886322
Franklin Cron,0.7390909194946289
Franklin Digregorio,0.7182099223136902
Franklin Scrivens,0.7231541872024536
Fransisca Cuffie,0.7292521595954895
Fransisca Scrivens,0.714001476764679
Freddie Bridger,0.7324473261833191
Frederica Keisler,0.7194720506668091
Freeman Strzelecki,0.7331283688545227
Freida Poirer,0.7093533277511597
Fritz Riles,0.7337338328361511
Fumiko Puterbaugh,0.7231618762016296
Gabriele Schrum,0.7226399779319763
Gala Genao,0.7269977331161499
Gala Griffis,0.7160352468490601
Gale Demos,0.7271134853363037
Gay Botelho,0.7278154492378235
Gaye Donohue,0.7148009538650513
Gaylord Pergande,0.7275092005729675
Gaynell Desjardin,0.7260191440582275
Gaynell Neff,0.7255942821502686
Gema Gomer,0.721957802772522
Gemma Amado,0.727102518081665
Gemma Sala,0.7212129235267639
Genaro Tooker,0.7332528829574585
Gene Greenhaw,0.7388408184051514
Gene Wigfall,0.715233564376831
Geneva Darr,0.7232309579849243
Gennie Leick,0.7324468493461609
Georgene Cropper,0.7276812195777893
Georgette Helmers,0.72776198387146
Georgette Kowalczyk,0.714968204498291
Georgia Amo,0.7277058959007263
Georgianne Edlund,0.7330000400543213
Gerald Speers,0.7206425666809082
Gerard Jones,0.7398778796195984
Germaine Ritzer,0.7163971662521362
Germaine Shutts,0.7275906801223755
Gerry Hitchman,0.7098230123519897
Gia Stroop,0.7227063775062561
Gianna Kelleher,0.7143339514732361
Gianna Propp,0.727684736251831
Gidget Mccullah,0.7233063578605652
Gigi Cyr,0.7379077076911926
Gilberte Minaya,0.7169122099876404
Gilda Hamilton,0.7221406698226929
Giovanna Wakefield,0.7381299138069153
Giovanni Cremer,0.7223060727119446
Giovanni Pinney,0.7333985567092896
Gisele Parlin,0.7311670184135437
Giselle Hillhouse,0.7213072180747986
Gita Ricca,0.7157806158065796
Gita Towery,0.731663703918457
Giuseppe Hellmann,0.7230210304260254
Giuseppe Rodriquez,0.7324385046958923
Giuseppina Payeur,0.7269145250320435
Giuseppina Schamber,0.7191081643104553
Glady Bonanno,0.7235277891159058
Glady Sautter,0.733883261680603
Glenda Mcnair,0.7288176417350769
Gloria Gamble,0.72718745470047
Gloria Mings,0.7337051033973694
Goldie Moriarty,0.727888286113739
Gracie Strasburg,0.7231721878051758
Grady Wilds,0.740070104598999
Graham Monaghan,0.7290449142456055
Graig Peguero,0.7322977185249329
Grant Heindel,0.7256510853767395
Grayce Venuti,0.7148717045783997
Greg Boldt,0.7378863096237183
Greg Borgia,0.7319599986076355
Gregg Disney,0.7390623688697815
Gregg Millsap,0.7316017150878906
Gregoria Brucker,0.7265198230743408
Gretchen Corbo,0.7322079539299011
Gudrun Pettey,0.7346802949905396
Gussie Breitenbach,0.7347058653831482
Gussie Cornette,0.7294058799743652
Gwenda Morocco,0.727622389793396
Gwendolyn Licea,0.7174609303474426
Gwyn Luft,0.7324864864349365
Gwyn Shank,0.7324514985084534
Ha Cornelius,0.7180018424987793
Hai Doiron,0.7390154004096985
Halina Carron,0.7144920825958252
Halley Ellenburg,0.7281005382537842
Han Atchison,0.7338824272155762
Han Freudenthal,0.7364769577980042
Hana Bellon,0.7211354374885559
Hanh Birdsall,0.7262494564056396
Hanna Maury,0.7335431575775146
Harlan Colletti,0.735362708568573
Harland Liggins,0.7378880381584167
Harland Reisch,0.7315212488174438
Harland Wyse,0.7051399946212769
Harmony Eshelman,0.7211638689041138
Harold Bobby,0.726851761341095
Harriette Ditch,0.7350345253944397
Harriette Gulotta,0.7166140079498291
Harriette Hackett,0.721595048904419
Harry Casimir,0.7390424609184265
Haydee Shadduck,0.7199795842170715
Hayden Holford,0.7385223507881165
Haywood Weidenbach,0.7327933311462402
Heather Kosinski,0.716357946395874
Hedy Moulden,0.7249830365180969
Helaine Amendola,0.7257923483848572
Helga Deshon,0.7267433404922485
Helga Walston,0.7346554398536682
Henrietta Swope,0.7189086675643921
Henry Bingman,0.7300258874893188
Herlinda Denk,0.7327144742012024
Herschel Albert,0.7161161303520203
Herta Willman,0.7297855615615845
Hertha Rentas,0.7274341583251953
Hiedi Venson,0.7282213568687439
Hilary Zucco,0.7380465865135193
Hilda Zuehlke,0.7314331531524658
Hildegarde Litchford,0.7196292281150818
Hobert Whitwell,0.7293809652328491
Holli Gilliard,0.731383204460144
Holli Romer,0.721406877040863
Honey Descoteaux,0.7327397465705872
Honey Peckham,0.723362922668457
Hope Torrance,0.7234713435173035
Houston Pretty,0.7279772162437439
Hsiu Carberry,0.7279179096221924
Hsiu Smithwick,0.7379405498504639
Huong Lack,0.7395059466362
Hwa Gano,0.7225231528282166
Hwa Teske,0.7281175851821899
Hye Micek,0.7341826558113098
Hyo Seng,0.7222406268119812
Ian Mcmillon,0.7218983769416809
Ida Mawson,0.7295979261398315
Iesha Gaskamp,0.7381887435913086
Ignacio Piel,0.7279954552650452
Imelda Steere,0.7270075082778931
India Lander,0.7089473605155945
India Linehan,0.7321817278862
Inge Campion,0.7333158254623413
Inger Radice,0.719065248966217
Ione Streett,0.728918194770813
Irene Mendoza,0.7263219952583313
Irina Situ,0.7328463792800903
Irmgard Owsley,0.7231165766716003
Isaac Ivery,0.7394402623176575
Isabel Sanderfur,0.738717257976532
Isabell Elliston,0.7336164116859436
Isabella Davisson,0.7268635630607605
Isaiah Clayton,0.734093189239502
Isela Angus,0.7339600324630737
Isela Briley,0.7296245098114014
Ismael Egli,0.7233260273933411
Iva Bizzell,0.7322919368743896
Iva Borelli,0.7330381870269775
Ivan Berrey,0.7341375350952148
Ivan Elbert,0.7302232384681702
Ivette Orbison,0.7290188074111938
Ivette Watson,0.7318783402442932
Ivonne Ransom,0.7337260842323303
Jacalyn Wight,0.7289692163467407
Jacinto Calcote,0.7138252258300781
Jacinto Ellsworth,0.7179936170578003
Jackie Hottinger,0.7278344035148621
Jackson Noland,0.7396290302276611
Jacqualine Bruso,0.719145655632019
Jacqueline Lee,0.7285652756690979
Jacquelyn Ahlstrom,0.7258428335189819
Jacquelyn Sergent,0.7245429158210754
Jacquie Escarcega,0.6961278319358826
Jacquiline Lamphear,0.7271683216094971
Jada Thames,0.7218489050865173
Jade Martensen,0.7332668304443359
Jadwiga Schuette,0.7259911298751831
Jaime Ambrose,0.7394223809242249
Jaimie Tsang,0.7361174821853638
Jamaal Hundley,0.7052048444747925
Jamaal Noon,0.7387314438819885
Jamal Parman,0.7277475595474243
Jame Metzer,0.7214323282241821
Jamee Roundtree,0.7173517942428589
Jamila Decuir,0.7028534412384033
Jammie Greenlaw,0.7370948195457458
Janay Benny,0.738966703414917
Janeen Dollison,0.7343230247497559
Janeen Merkel,0.7224588990211487
Janel Schranz,0.7166723012924194
Janell Huffman,0.7208517789840698
Janett Quintana,0.7115123271942139
Janetta Bassett,0.7343935370445251
Janette Flowers,0.7222041487693787
Jani Brannon,0.7295317053794861
Jani Folger,0.7216209769248962
Janie Pahl,0.7214288115501404
Janita Noss,0.7206209301948547
Janna Lautenschlage,0.7268440127372742
Jaquelyn Brower,0.7339075803756714
Jaquelyn Sheehy,0.7273174524307251
Jared Cobble,0.7401718497276306
Jarod Topping,0.7319893836975098
Jarrod Nowacki,0.7211201190948486
Jarvis Auman,0.7285681962966919
Jasmin Bryden,0.735337495803833
Jasmine Caines,0.7177586555480957
Jason Macmaster,0.7132275104522705
Jasper Correll,0.7334496974945068
Jasper Vanleer,0.7351869940757751
Javier Fiore,0.7269051671028137
Jay Presley,0.7291096448898315
Jayme Hidalgo,0.7262526154518127
Jayme Koonce,0.7120929956436157
Jaymie Eutsey,0.7228416204452515
Jaymie Manzanares,0.7332672476768494
Jazmine Bednarczyk,0.7208967208862305
Jazmine Kittel,0.7354194521903992
Jazmine Rudisill,0.7416055798530579
Jc Eichelberger,0.7339348196983337
Jeana Pace,0.7227731943130493
Jeana Ronald,0.7334152460098267
Jeanelle Westby,0.7304655909538269
Jeanice Mote,0.7260619401931763
Jeanice Peirce,0.7348880767822266
Jeannetta Fravel,0.7270905375480652
Jeannette Bartels,0.7285566926002502
Jeff Mckeller,0.7335312962532043
Jeffie Helzer,0.7338281273841858
Jen Heitkamp,0.7333560585975647
Jene Aguiar,0.7223328351974487
Jenee Childers,0.7171260714530945
Jenee Lillie,0.7221481800079346
Jenelle Hardin,0.7391109466552734
Jenette Shepler,0.7316208481788635
Jeniffer Baysinger,0.7173763513565063
Jennell Buchholtz,0.7311723828315735
Jennell Maziarz,0.7290073037147522
Jennie Carnegie,0.7356514930725098
Jennie Lofton,0.733965277671814
Jenny Magby,0.7221204042434692
Jerilyn Dunson,0.7238249182701111
Jerlene Rummel,0.7093840837478638
Jeromy Rickert,0.7181934118270874
Jerrica Folden,0.7236260175704956
Jesenia Vass,0.7230096459388733
Jess Arter,0.7372593879699707
Jesse Doonan,0.7359060645103455
Jessenia Farris,0.7288376092910767
Jessia Stepney,0.7208641171455383
Jesus Bedoya,0.7273569703102112
Jettie Debord,0.7116515040397644
Jewel Jiang,0.726929247379303
Jillian Xu,0.7291441559791565
Jina Ling,0.7293328642845154
Joan Mackay,0.7202548384666443
Joaquin Stephenson,0.7254033088684082
Joaquina Desiderio,0.7340976595878601
Joaquina Leitner,0.6986265778541565
Jodee Grimsley,0.7325303554534912
Jodie Dildine,0.7393344044685364
Jody Steely,0.734229564666748
Joetta Hiner,0.7274368405342102
Joetta Zielinski,0.729258120059967
Joey Dufresne,0.7363060116767883
Joey Loth,0.728553831577301
Johana Ozment,0.7329179644584656
Johanna Philpot,0.7224529385566711
Johanne Behr,0.7284246683120728
Johanne Michels,0.728988528251648
John Peffer,0.7191664576530457
Johnetta Hertzog,0.7217971682548523
Johnna Carpino,0.7209234833717346
Johnson Lovingood,0.7325934171676636
Jolanda Dambrosio,0.7275245785713196
Jona Nicholson,0.7187737822532654
Jonelle Trogdon,0.7244717478752136
Jonie Hodes,0.7263694405555725
Jonna Newcomb,0.7240561842918396
Jordon Shadley,0.7203826904296875
Josef Mcgarr,0.7289791107177734
Josefine Engelhard,0.7391687631607056
Joselyn Mani,0.7139602899551392
Joselyn Plattner,0.7307993769645691
Joselyn Sunde,0.7342056035995483
Joshua Kubat,0.7395486235618591
Josie Judon,0.7303863167762756
Jospeh Allgeier,0.7282590270042419
Josphine Shead,0.7329000234603882
Josue Baden,0.7272834181785583
Jovan Pursley,0.7274492979049683
Joy Rowlands,0.7244395017623901
Juan Rivas,0.7294108867645264
Judy Groth,0.738986611366272
Jule Lemmond,0.7322431206703186
Julee Howell,0.7240473628044128
Julian Boruff,0.7134422659873962
Juliana Cooney,0.7349093556404114
Juliana Hepworth,0.7268774509429932
Julie Tarbox,0.7214775681495667
Julieta Mcbrayer,0.7210358381271362
Julieta Medina,0.7277424335479736
Julieta Weaver,0.735045850276947
Julissa Sandlin,0.7207696437835693
Justa Brumit,0.7229127883911133
Justine Wu,0.7278129458427429
Ka Evensen,0.7273571491241455
Kacey Quesenberry,0.727912187576294
Kacey Varnado,0.7348570823669434
Kaley Delaune,0.7205124497413635
Kaley Rotondo,0.7153245210647583
Kali Gorecki,0.721575140953064
Kalyn Redner,0.7335196137428284
Kamala Harrison,0.7287343740463257
Kandice Mayweather,0.7178283929824829
Karen Swilley,0.7274595499038696
Karima Germany,0.7216732501983643
Karin Deblasio,0.7278926968574524
Karine Moody,0.7208670973777771
Karisa Tarlton,0.7130022644996643
Karmen Kroner,0.7383816242218018
Karmen Kuhlman,0.7267616391181946
Karole Carignan,0.7333972454071045
Karren Mayhew,0.7278273701667786
Karrie Aispuro,0.7216540575027466
Karry Cesare,0.7151558995246887
Kary Bechard,0.7267928123474121
Kary Wein,0.7220335602760315
Karyn Halvorson,0.7157127857208252
Kasha Deckard,0.7226290702819824
Kasi Kilgo,0.7276357412338257
Katelynn Genao,0.7268593907356262
Katherina Audia,0.7384078502655029
Katherine Jelley,0.7243331670761108
Kathi Loggins,0.7332919239997864
Kathlene Olberding,0.7289993166923523
Kati Sharif,0.7323956489562988
Katina Skillings,0.7286875247955322
Kaycee Wilkin,0.7393977642059326
Kayla Moton,0.7315782308578491
Kayla Stwart,0.7390034794807434
Kaylee Harder,0.7212556600570679
Kayleigh Marchant,0.7277364730834961
Kecia Converse,0.7387627363204956
Keeley Bumgardner,0.7184106707572937
Keena Sanson,0.7276105284690857
Keenan Chung,0.7283862829208374
Keenan Hallum,0.7163023352622986
Keesha Otis,0.7216032147407532
Keitha Claude,0.7387063503265381
Kemberly Currence,0.7242223024368286
Ken Litchfield,0.7316519021987915
Kendra Brumit,0.7302970290184021
Kendrick Mceachin,0.7343193292617798
Keneth Denner,0.7326152920722961
Kenyetta Mistretta,0.7288947701454163
Kerstin Hypolite,0.73357754945755
Kesha Cesar,0.7283673286437988
Kesha Stackhouse,0.7210621237754822
Keturah Sheehan,0.7289740443229675
Kiara Brathwaite,0.7323848605155945
Kiara Paquet,0.7332943081855774
Kiera Sanner,0.7210333347320557
Kimberely Stlouis,0.72941654920578
Kimberli Spaulding,0.7327150702476501
Kimberly Canning,0.7255972027778625
Kimbra Sorenson,0.7229735851287842
King Nygard,0.7293251752853394
Kirk Ricard,0.7156647443771362
Kirsten Krizan,0.715885579586029
Kirstie Wilcoxen,0.7248641848564148
Kirstin Greenleaf,0.717912495136261
Kisha Macias,0.7265112400054932
Kittie Benoit,0.7294518351554871
Kizzy Finkbeiner,0.7154902219772339
Korey Ginther,0.7343649864196777
Korey Valasquez,0.7037478089332581
Korey Whetsel,0.7331444025039673
Kori Lockamy,0.7329540848731995
Kory Knapper,0.7213072776794434
Kraig Lorusso,0.7331191897392273
Kristal Meals,0.7296706438064575
Kristeen Mehler,0.7265006303787231
Kristy Pitt,0.7145522832870483
Krystal Dombrosky,0.721528172492981
Krysten Lanman,0.7275451421737671
Krysten Scruggs,0.7199187874794006
Krystin Swing,0.725701093673706
Krystina Hills,0.7255558967590332
Krystyna Vansant,0.7331991195678711
Kurt Clute,0.7240909337997437
Kurt Diver,0.7286221385002136
Kyla Meldrum,0.7223421931266785
Kyla Reeb,0.7277610301971436
Kyle Voyles,0.7197747826576233
Kylee Padillo,0.7085461616516113
Kylie Beumer,0.7391495108604431
Kyoko Khalil,0.7226269245147705
Kyung Fraga,0.7340875864028931
Kyung Sisto,0.7357645630836487
Kyung Studstill,0.7265059947967529
Laila Blount,0.7190725207328796
Lakenya Ballantine,0.7225214242935181
Lakesha Doubleday,0.7277891039848328
Lala Vaca,0.715040385723114
Lamonica Sarris,0.7215980887413025
Lana Mahar,0.7304496765136719
Lane Scroggs,0.7229141592979431
Lanette Preston,0.7271388173103333
Lani Hessler,0.7272855043411255
Larae Balcom,0.7285845875740051
Larae Netherland,0.7143744826316833
Larisa Engelhardt,0.7190521955490112
Larita Crary,0.7206813097000122
Laronda Humiston,0.7323662638664246
Larraine Dotts,0.7325429320335388
Lashandra Flannagan,0.734792172908783
Lashaunda Kern,0.7204423546791077
Lashaunda Storer,0.720998227596283
Lashaunda Weingartner,0.7326720356941223
Lashawn Rotella,0.7295988202095032
Lashawna Janelle,0.7284278869628906
Latarsha Gleaves,0.7313318848609924
Latesha Emmons,0.7192490100860596
Latesha Westerlund,0.7327678799629211
Latia Highfield,0.7368043661117554
Latia Mckeighan,0.7100158333778381
Latricia Bartholow,0.7393463850021362
Latricia Carley,0.7259647250175476
Latrisha Suire,0.7039422392845154
Lauran Thacker,0.7218154668807983
Lauren Bittle,0.7193781733512878
Lauretta Garrard,0.7238637804985046
Laurette Bollman,0.7257876992225647
Lavina Fiorini,0.7383091449737549
Lavinia Schoonmaker,0.7274027466773987
Lavon Laforest,0.7277091145515442
Lavon Lossing,0.7268484234809875
Lavone Witter,0.741256594657898
Lavonne Louque,0.7151648998260498
Lawerence Schaible,0.7136625647544861
Leandra Anstine,0.7271348834037781
Leandra Firkins,0.7195019721984863
Leann Maker,0.7309417724609375
Leanne Lewison,0.7336357235908508
Leatha Vanduyn,0.7286221981048584
Lecia Cavin,0.7325791716575623
Leda Willsey,0.728375256061554
Lee Bickford,0.7202818989753723
Lee Rumsey,0.7299838662147522
Leesa Lade,0.7246832847595215
Leida Yap,0.7261918783187866
Leif Ogburn,0.7282363772392273
Leigh Culton,0.7219688296318054
Leigh Stoll,0.7285090088844299
Leighann Neighbors,0.7150439620018005
Leila Doucette,0.7372556328773499
Leisa Corriveau,0.7323086261749268
Leisa Pettry,0.7280297875404358
Lelah Capshaw,0.7325512766838074
Leland Bernardino,0.7188905477523804
Lelia Glaude,0.7255460619926453
Lenita Carrara,0.734220027923584
Lenita Setton,0.7099282145500183
Lennie Schoonover,0.7339016795158386
Lenora Ohm,0.7217518091201782
Leo Moorhouse,0.7163847088813782
Leola Derrickson,0.7318521738052368
Leoma Enz,0.7151233553886414
Leon Fujii,0.7158759236335754
Leona Dimond,0.722226619720459
Leonard Janney,0.7285254597663879
Leonila Gillispie,0.7203454375267029
Leonila Solorzano,0.7381347417831421
Leonor Paquin,0.7343490719795227
Leontine Yeates,0.7304441928863525
Leota Suazo,0.7246338725090027
Les Allin,0.7366593480110168
Lesa Bever,0.7298424243927002
Lesia Zwart,0.7256717681884766
Lesley Birnbaum,0.7310094237327576
Letisha Bishop,0.7275789380073547
Lettie Caron,0.7260430455207825
Lettie Houchins,0.7324652075767517
Lettie Piano,0.7269900441169739
Letty Morrison,0.7327670454978943
Li Houlihan,0.7114172577857971
Libbie Creason,0.7197272181510925
Ligia Cash,0.7169689536094666
Lilia Manahan,0.7321116328239441
Lilian Hysmith,0.7332273125648499
Liliana Erving,0.7336837649345398
Lin Grosz,0.7252657413482666
Lindsay Zebrowski,0.7394824028015137
Lindsey Mora,0.7264376282691956
Linnea Brookshire,0.7258642911911011
Linsey Gallop,0.7328329086303711
Linsey Stotler,0.7216739654541016
Lisa Card,0.7230949997901917
Lisha Penick,0.7142913341522217
Lissette Antrim,0.733620285987854
Lita Michalik,0.7304053902626038
Lizabeth Roof,0.7281903028488159
Lizeth Mcpheeters,0.7111210823059082
Lizzette Blowers,0.7255691289901733
Lizzette Krajewski,0.7190789580345154
Lloyd Holbert,0.7194920182228088
Logan Cunningham,0.7322746515274048
Loise Payne,0.7161054611206055
Loise Wichman,0.7197787165641785
Lola Mooneyhan,0.7325470447540283
Loma Baskins,0.7356370091438293
Londa Coloma,0.7386209964752197
Lonna Meek,0.7387233376502991
Lora Moyes,0.7266623973846436
Loralee Baldon,0.7428171038627625
Lore Baird,0.7272604703903198
Lorenza Holdridge,0.7271878123283386
Loreta Goza,0.7307308912277222
Loretta Hauk,0.7280171513557434
Lorina Krehbiel,0.7223827242851257
Lorinda Cude,0.7360578179359436
Lorriane Gloor,0.7168744206428528
Lorriane Lowry,0.7132641673088074
Lory Kothari,0.7269310355186462
Louise Fairless,0.7359883189201355
Louvenia Meuser,0.7265728712081909
Lovella Boroughs,0.725267767906189
Loyce Sliva,0.7331313490867615
Luana Pegram,0.7229316234588623
Luana Pflum,0.7197244763374329
Luanna Buchwald,0.710662841796875
Luanne Eppler,0.7278394103050232
Lucila Fender,0.7323125600814819
Lucila Gaskamp,0.7414572834968567
Lucila Schultz,0.7349241375923157
Lucilla Broderick,0.7393117547035217
Lucio Culler,0.7388020157814026
Lucretia Covert,0.7328224182128906
Ludie Bleau,0.7334977984428406
Luetta Karas,0.7218542098999023
Luetta Lineman,0.730147123336792
Luigi Bagwell,0.7280585169792175
Luigi Chew,0.7145447134971619
Luisa Boyle,0.7296409010887146
Luisa Geibel,0.7289211750030518
Luisa Robb,0.7408584356307983
Lupe Mcnally,0.7059764266014099
Lura Baxley,0.727795422077179
Luvenia Maclaren,0.720934271812439
Lyman Deer,0.7228372693061829
Lynda Santucci,0.7193440198898315
Lynell Hermes,0.7389788031578064
Lynetta Soltani,0.7339810729026794
Lynnette Amsler,0.7216223478317261
Lynnette Menzie,0.7183176279067993
Lynsey Juhl,0.7301552891731262
Mabel Sawicki,0.7295879125595093
Mabelle Hirata,0.7354526519775391
Mac Straley,0.7283756732940674
Machelle Studley,0.7280987501144409
Mack Cheesman,0.7415962815284729
Mack Perrault,0.7230959534645081
Mack Triano,0.7257620692253113
Macy Lenderman,0.7399914264678955
Madalene Perl,0.7251852750778198
Madelaine Frandsen,0.7180470824241638
Madeline Arp,0.7265493869781494
Madeline Chae,0.7335848808288574
Madie Pompa,0.734018862247467
Madison Frankum,0.7373418211936951
Mae Sarvis,0.7164344191551208
Magali Leveque,0.7338784337043762
Magali Spade,0.7177610993385315
Magaly Brummer,0.7230732440948486
Magaly Krebs,0.7217732667922974
Magan Courts,0.7231168746948242
Magdalen Pimentel,0.7134016752243042
Maggie Balls,0.7236236929893494
Maggie Favorite,0.7336463928222656
Mai Routt,0.7227888107299805
Maida Curci,0.7186950445175171
Maida Lambrecht,0.717261552810669
Maisha Furniss,0.7112444043159485
Major Alfonso,0.7339927554130554
Malcolm Bankhead,0.7164953947067261
Malcolm Casali,0.717491626739502
Malik Alexandre,0.7331118583679199
Malinda Hemby,0.7326978445053101
Mallory Divito,0.7304483652114868
Malorie Bartsch,0.729949414730072
Mamie Remus,0.7241539359092712
Manda Youssef,0.7084302306175232
Mandi Delao,0.7391504049301147
Marcelino Benard,0.7381662130355835
Marcell Oliva,0.7365975975990295
Marcellus Germany,0.7230377793312073
Marci Rivera,0.7289891839027405
Marci Whitelaw,0.7129353284835815
Marcie Hunton,0.729742705821991
Marco Pelkey,0.7290524244308472
Mardell Skoglund,0.7161290049552917
Marg Barre,0.7034422755241394
Margarete Gallivan,0.7328643202781677
Margarett Mcduffee,0.7350985407829285
Margaretta Yarnall,0.7346380352973938
Margarette Neitzel,0.7336651682853699
Margarette Rutherford,0.7235402464866638
Margarite Sisto,0.7302246689796448
Marge Mcsweeney,0.7282273173332214
Margery Singleterry,0.7289814352989197
Margo Zoeller,0.738518238067627
Margorie Prichett,0.72834312915802
Margurite Talley,0.7384556531906128
Margy Burgin,0.7330023646354675
Marhta Tharp,0.7393108010292053
Mariano Vereen,0.7049729228019714
Maribel Mcphillips,0.7258896231651306
Maribel Rosenburg,0.7336595058441162
Maribel Weigand,0.7174460291862488
Maribeth Pretty,0.7273664474487305
Marica Burkey,0.7378605604171753
Mariel Cappel,0.7353007197380066
Mariela Whitelaw,0.7038692831993103
Marielle Pinnix,0.7071608304977417
Marietta Welcher,0.7295805811882019
Mariette Frink,0.7197689414024353
Mariko Austell,0.7120130658149719
Marilee Kingsberry,0.7395830750465393
Marilou Pierpont,0.7304739952087402
Marilu Krell,0.7361561059951782
Marilyn Kessinger,0.7280551791191101
Marina Pankey,0.7334272861480713
Marinda Vitti,0.7281035780906677
Marisol Mcpartland,0.7330462336540222
Marita Bogner,0.7308706045150757
Marita Iannuzzi,0.7342623472213745
Marivel Wieck,0.7146031856536865
Marjory Kite,0.7274071574211121
Marla Lytch,0.7340511679649353
Marleen Avera,0.7130252122879028
Marleen Thibodeaux,0.7336485981941223
Marlene Steenbergen,0.7186902761459351
Marlin Medina,0.709526002407074
Marlon Desouza,0.7240795493125916
Marlon Guarnieri,0.7285225987434387
Marlys Mulvihill,0.7296651601791382
Marni Lomanto,0.7396975755691528
Marquetta Houchins,0.7331696152687073
Marshall Fosdick,0.7383396625518799
Martha Rocha,0.7334887981414795
Martina Poche,0.7328752875328064
Marva Casseus,0.7259410619735718
Marvella Michelsen,0.732899010181427
Marvella Souders,0.728950023651123
Marvella Westling,0.7261447906494141
Marvin Pabst,0.7291467189788818
Marybelle Goodrich,0.7262704372406006
Marybeth Gula,0.7292261123657227
Maryland Ashmore,0.7344093918800354
Maryland Heyne,0.7218782901763916
Marylouise Mott,0.7274174690246582
Marylyn Cardenas,0.7413487434387207
Marylynn Lesperance,0.7221475839614868
Maryrose Flavell,0.7410944104194641
Matha Barkan,0.7271242141723633
Mathilda Betterton,0.7310559749603271
Matilda Rothman,0.7304889559745789
Matilda Stoltz,0.7343133091926575
Matilde Sollars,0.7090687155723572
Maura Acton,0.7333099842071533
Mauricio Simms,0.7236526608467102
Mayme Graybill,0.7339686155319214
Mayola Spier,0.7231784462928772
Meagan Mitchum,0.720149040222168
Meagan Stuck,0.7130192518234253
Meghan Poynter,0.7340604662895203
Meghann Moorman,0.717630922794342
Melaine Wiemann,0.740343451499939
Melani Wilks,0.7328841686248779
Melida Davalos,0.7345359921455383
Melida Demaree,0.7210398316383362
Mellie Weber,0.7272233963012695
Mellisa Bolanos,0.732877254486084
Mellissa Ardon,0.7282475233078003
Melodi Patel,0.7220798134803772
Melody Salomone,0.7360369563102722
Melony Seavey,0.7321120500564575
Melvin Doe,0.7320923805236816
Mercedez Ferranti,0.7282592058181763
Mercedez Purdie,0.7389167547225952
Merilyn Branscum,0.7342944145202637
Merle Ranallo,0.7279593348503113
Merlene Beumer,0.7227662205696106
Merna Lasalle,0.7384482622146606
Merri Trees,0.7208319902420044
Merrie Amaker,0.7402355074882507
Merrilee Oehler,0.738539457321167
Merrilee Winegarden,0.7278257608413696
Merry Quisenberry,0.7394917607307434
Mertie Hoskins,0.7215753197669983
Mia Zarate,0.7172539830207825
Mica More,0.728988766670227
Michaele Bachelor,0.7275134325027466
Michaele Threlkeld,0.7287952303886414
Michele Luck,0.7284466624259949
Michelina Granderson,0.7220422029495239
Michelle Grell,0.737596869468689
Micki Belvin,0.7201987504959106
Miesha Trosclair,0.730556309223175
Mignon Funes,0.7389534115791321
Mike Nowlen,0.7279061675071716
Miki Harnage,0.7311587929725647
Mikki Penner,0.7164426445960999
Milda Leick,0.7348123788833618
Mildred Debo,0.7209247350692749
Millard Crisci,0.7291675209999084
Millard Woodford,0.7341827154159546
Milton Kimmer,0.7298287153244019
Mimi Davin,0.7318803071975708
Minta Carroway,0.722014307975769
Minta Zeledon,0.7270042300224304
Mira Guidry,0.7260090708732605
Mira Salcido,0.7382238507270813
Miranda Zickefoose,0.7318947315216064
Mirella Cardinal,0.7276192903518677
Mirella Milot,0.7156954407691956
Miriam Laroque,0.7348644137382507
Mirta Nicolson,0.7330929636955261
Misti Twining,0.7354962825775146
Mistie Kersh,0.7324926257133484
Mitchell Tafolla,0.7288782000541687
Mitzi Sheckler,0.7221713662147522
Mitzie Yeldell,0.7259033918380737
Molly Kochan,0.7126619815826416
Molly Steve,0.7345514893531799
Mona Bucklin,0.7164156436920166
Monique Tonkin,0.721085250377655
Morris Highsmith,0.7105881571769714
Morris Poage,0.7268138527870178
Moses Hadlock,0.7325834631919861
Moshe Woodbridge,0.7277631163597107
Muriel Aldana,0.7349743843078613
Muriel Shorey,0.7320986390113831
Muriel Sprow,0.7289727926254272
Muriel Wichman,0.7158202528953552
Myrl Mccarroll,0.7309576272964478
Myrl Scudder,0.7132109999656677
Myrle Mcgranahan,0.7156545519828796
Myrna Larmon,0.7282208800315857
Myrtice Cureton,0.7326642274856567
Myrtle Ng,0.7378230690956116
Na Warburton,0.7347604632377625
Nadine Defalco,0.7138452529907227
Naida Bergh,0.7280803918838501
Naida Folsom,0.7101041674613953
Nakia Vickery,0.7258236408233643
Nam Armendariz,0.7292828559875488
Nan Kueter,0.7162061929702759
Nana Rousey,0.7269011735916138
Nanette Burbank,0.7279799580574036
Nannie Richey,0.7152159810066223
Naoma Pylant,0.7333511114120483
Natalie Beers,0.7320787906646729
Natalie Fenton,0.7085209488868713
Natalya Favors,0.7233647108078003
Natashia Litwin,0.7272983193397522
Nathalie Tworek,0.7319400906562805
Nathanial Conlon,0.7258303165435791
Nathaniel Prahl,0.7284323573112488
Natosha Mccafferty,0.7395826578140259
Nelida Drinkwater,0.7134373188018799
Nelle Domingues,0.727092444896698
Nereida Dycus,0.7148461937904358
Nery Villafana,0.7254307866096497
Nevada Buggs,0.7159176468849182
Neville Mccaul,0.7335537075996399
Newton Zamarripa,0.728847861289978
Nga Drumm,0.7216506600379944
Ngan Wickline,0.7324619293212891
Ngoc Milner,0.7385861277580261
Nichelle Fergerson,0.7252684831619263
Nichol Yocum,0.7204665541648865
Nichole Nethery,0.738017201423645
Nickie Weatherly,0.7332851886749268
Nickole Compton,0.7233189940452576
Nicky Hendon,0.7361676096916199
Nicola Almeda,0.723357081413269
Nicolas Ripley,0.7379125952720642
Nicolette Myerson,0.7223454713821411
Nicolle Swigert,0.7373704314231873
Nida Gardella,0.7328931093215942
Nieves Mercier,0.7258358001708984
Nikki Levins,0.7212256789207458
Nikki Wygant,0.7193121910095215
Nila Mcconico,0.7088558077812195
Nisha Froehlich,0.7216699719429016
Nobuko Mcenaney,0.7286092638969421
Nobuko Rodda,0.724632203578949
Noel Lupien,0.7030892372131348
Noelia Weckerly,0.7327712178230286
Noma Stetson,0.728915274143219
Noma Tweedie,0.7247976660728455
Nona Knobloch,0.7374608516693115
Norberto Lamphere,0.7131964564323425
Noreen Kerschner,0.7266794443130493
Noreen Moe,0.7184178829193115
Noreen Porras,0.7238898873329163
Norma Hartl,0.7246050238609314
Norman Easterwood,0.7279981970787048
Normand Palmquist,0.732286274433136
Nubia Blassingame,0.7208907008171082
Nubia Schebler,0.7391620874404907
Nubia Wikoff,0.7260617017745972
Nydia Telesco,0.7220304608345032
Ocie Mccomb,0.7352718114852905
Octavia Robins,0.7228403091430664
Octavia Stoddard,0.7337878942489624
Oda Kogan,0.7215306758880615
Oda Poirer,0.7257673144340515
Odelia Dugan,0.7268861532211304
Odessa Mcgown,0.7390234470367432
Odilia Crossley,0.7333827614784241
Ok Tapscott,0.7222309708595276
Ola Haggett,0.7284605503082275
Olen Pentz,0.7212181091308594
Olevia Koss,0.736314058303833
Olin Cephas,0.7378819584846497
Olin Charleston,0.726794421672821
Oliva Jorgenson,0.7346681356430054
Ollie Pancake,0.7281479239463806
Ollie Zank,0.7350977659225464
Oneida Broome,0.7280597686767578
Onie Tuck,0.7324128746986389
Onita Saylor,0.7265258431434631
Oscar Howarth,0.7317700982093811
Otha Mccary,0.7383249998092651
Otha Overlock,0.7229372262954712
Otha Pingree,0.7205623984336853
Otto Dizon,0.733596920967102
Ouida Vanzile,0.7259349822998047
Pamala Estell,0.7159060835838318
Pamella Birchfield,0.720657229423523
Pamella Monzo,0.7154045701026917
Pamila Macky,0.7342756986618042
Pandora Gatling,0.72481769323349
Paola Buerger,0.7228580713272095
Paris Teston,0.7283095121383667
Pasquale Breitenstein,0.7333066463470459
Pasquale Haskett,0.7319377064704895
Patricia Huckaby,0.7342944741249084
Patti Mauch,0.7261492013931274
Patty Perlman,0.7241631746292114
Paulette Currence,0.7127321362495422
Paulina Clouser,0.7142859697341919
Paulina Lefort,0.7407113313674927
Paulita Nord,0.7112535238265991
Pearline Gandy,0.7181317210197449
Pearly Shipe,0.7219251394271851
Pedro Outland,0.7309642434120178
Pedro States,0.7332506775856018
Peggy Rinke,0.7176679372787476
Penelope Alarcon,0.7337938547134399
Penny Heintzelman,0.7319068312644958
Perry Bach,0.7337541580200195
Pete Folmar,0.7209354639053345
Peter Hurley,0.7319067716598511
Phillip Burden,0.7379661202430725
Phung Craw,0.7277536392211914
Pilar Dematteo,0.7341086268424988
Pinkie Wittmer,0.7235538363456726
Piper Twombly,0.7205331325531006
Polly Eaker,0.7289627194404602
Porfirio Machnik,0.70322585105896
Porter Stagner,0.7282297015190125
Portia Pettiford,0.7332683801651001
Precious Courtemanche,0.7380408644676208
Pricilla Janowski,0.7289162874221802
Prince Bent,0.7148182988166809
Priscila Santibanez,0.7206301093101501
Queen Heideman,0.7305669784545898
Queen Hy,0.7240787148475647
Quinn Westfall,0.7310176491737366
Rachael Mings,0.7262763381004333
Racquel Jimenez,0.7350121140480042
Raelene Freitas,0.7271946668624878
Raguel Keller,0.7290440201759338
Ramiro Arispe,0.7333526611328125
Ramona Daughtry,0.7330919504165649
Ramonita Mathewson,0.7281098961830139
Randi Keppler,0.7210700511932373
Randolph Gillies,0.73471999168396
Ranee Bessler,0.7338511347770691
Raphael Hauck,0.7220929861068726
Raylene Paff,0.7389137148857117
Raymon Maul,0.7401180863380432
Raymundo Varn,0.7216826677322388
Rea Carmen,0.7202085256576538
Reanna Chouinard,0.7224713563919067
Reba Byham,0.7347357869148254
Rebbeca Melnyk,0.7372098565101624
Rebekah Eichhorn,0.7271079421043396
Rebekah Weatherly,0.7196424603462219
Reinaldo Kuykendall,0.7283329367637634
Reita Evett,0.721396267414093
Reita Hamid,0.7361775636672974
Remona Brobst,0.7378091216087341
Renata Vandiver,0.7275527715682983
Renita Delao,0.726909875869751
Renna Yeaton,0.7260196208953857
Reta Armistead,0.7399923205375671
Retta Lozier,0.7282201051712036
Reuben Mateer,0.7294818758964539
Reyes Gullickson,0.7324082255363464
Reyna Nemec,0.7300786375999451
Reynalda Lebron,0.7221355438232422
Rhona Shipton,0.7247265577316284
Ricardo Salvato,0.7001094222068787
Richie Dacanay,0.732239842414856
Ricky Bateman,0.73274165391922
Rina Ennals,0.7147732973098755
Rina Kocher,0.726498007774353
Risa Gallaway,0.7350711822509766
Rita Russom,0.7391825914382935
Roberto Rooks,0.7210708856582642
Robyn Rickett,0.7323724627494812
Rocio Lukens,0.719723641872406
Rodger Gallogly,0.7400086522102356
Rodger You,0.7271586656570435
Rodrigo Sarkisian,0.7345139980316162
Rolande Westby,0.7211348414421082
Romaine Gehring,0.7163373827934265
Romana Buscher,0.7282117605209351
Romeo Junge,0.718429446220398
Ron Grey,0.7368025779724121
Ron Wine,0.7269071936607361
Rona Eskew,0.7329021692276001
Ronald Haberman,0.7375336289405823
Roni Sasso,0.730998158454895
Ronna Messer,0.7300062775611877
Roosevelt Plump,0.7293285727500916
Rosa Helman,0.734900176525116
Rosalie Zuber,0.7304601073265076
Rosalind Alaniz,0.7294993996620178
Rosalind Reinbold,0.7277765870094299
Rosalinda Burgin,0.7125645875930786
Rosalinda Faires,0.7390652894973755
Rosaline Ohlson,0.7280266284942627
Rosamond Ramsburg,0.737528920173645
Rosann Nishioka,0.7102307081222534
Rosario Heckman,0.7268520593643188
Rosaura Konieczny,0.7325565814971924
Rosaura Lamorte,0.7267671823501587
Roscoe Moskowitz,0.7218993306159973
Rose Marin,0.7313598394393921
Roseanna Hockman,0.7407225370407104
Roselyn Bolger,0.7198109030723572
Roselyn Richerson,0.7401683330535889
Rosetta Sain,0.7220802903175354
Rosie Hutchison,0.7178134918212891
Roslyn Derouin,0.7276325225830078
Roslyn Springs,0.7376747131347656
Ross Latson,0.7405245900154114
Rossana Janecek,0.7342910170555115
Roxana Godard,0.7325536608695984
Roxann Chatfield,0.7290284633636475
Roxanne Falgoust,0.7234649062156677
Roxanne Schrantz,0.7283452749252319
Roy Seth,0.7171688675880432
Rubie Mirarchi,0.7394144535064697
Rubin Gutierrez,0.7234084606170654
Rubin Hauck,0.7163495421409607
Rubye Hetherington,0.727988600730896
Rudolf Woodell,0.7326375842094421
Rudolph Fredrickson,0.7278884053230286
Rudy Stirling,0.7215578556060791
Rufus Puryear,0.7277413606643677
Rufus Repka,0.7393943667411804
Rupert Hutchings,0.733653724193573
Russ Mchale,0.7229611873626709
Russel Lambson,0.7213969230651855
Russell Feenstra,0.7286735773086548
Rutha Harshaw,0.7245197296142578
Ruthe Aleman,0.7438855171203613
Ruthie Geist,0.7366056442260742
Ryan Heng,0.729252815246582
Ryan Stahly,0.7149778604507446
Ryan Stanton,0.732759416103363
Sabina Auston,0.7265685200691223
Sabra Haslett,0.7328932285308838
Sabrina Fleischman,0.7340611219406128
Sabrina Griese,0.7117271423339844
Sacha Hodges,0.7280563116073608
Sacha Mayhew,0.7289000153541565
Sadie Selph,0.7173051238059998
Sadie Wallis,0.7270110845565796
Sadye Darland,0.7286788821220398
Salley Oriley,0.7307502627372742
Salvatore Brannon,0.7222495675086975
Salvatore Keim,0.7262418270111084
Salvatore Popovic,0.7268525958061218
Sam Ransdell,0.7236140966415405
Samella Leija,0.7259014844894409
Sammy Piedra,0.733250081539154
Samuel Behrens,0.7280282378196716
Sandee Vance,0.7210736870765686
Sandy Holmberg,0.7328889966011047
Sandy Mckie,0.7298872470855713
Sanjuanita Go,0.7264662384986877
Sanora Bondy,0.7340406775474548
Sanora Kivi,0.7146257162094116
Sanora Rosenberry,0.7296240329742432
Santiago Demaria,0.7342873215675354
Santo Hanney,0.7295774817466736
Sarah Hewes,0.7129213809967041
Sarai Copper,0.7207251787185669
Saran Spear,0.7164821028709412
Sau Hitchcock,0.7345476150512695
Sean Proctor,0.7341343760490417
Sean Sharman,0.7278440594673157
Selene Ellman,0.7328351140022278
Selene Giraud,0.7351827621459961
September Vesely,0.7277538776397705
Seymour Stober,0.73047935962677
Seymour Zawacki,0.7357005476951599
Shalonda Kerns,0.7231219410896301
Shan Norfleet,0.7329554557800293
Shanda Kubik,0.7337612509727478
Shanda Wyche,0.7410638332366943
Shandi Durfey,0.7330910563468933
Shanel Sproles,0.726035475730896
Shanika Harlow,0.7305529117584229
Shanna Clasen,0.7387316823005676
Shannon Muldrew,0.7201896905899048
Shanon Gupta,0.7340708374977112
Shanon Shrewsbury,0.7292518615722656
Shantae Bewley,0.7178247570991516
Shantel Avalos,0.7385279536247253
Sharan Taliaferro,0.7332243323326111
Sharda Weld,0.7250642776489258
Sharen Methvin,0.7291699051856995
Sharice Mooneyhan,0.721682608127594
Sharolyn Martines,0.7107676863670349
Sharonda Abril,0.732471227645874
Sharonda Mackson,0.7327622771263123
Sharri Lipson,0.7350444197654724
Sharron Frizzell,0.7324935793876648
Shawn Britten,0.7325743436813354
Shawn Drane,0.7391170859336853
Shawn Laraway,0.726820170879364
Shawnda Damron,0.7344785928726196
Shawnee Herr,0.7039976716041565
Shawnee Retherford,0.7222402095794678
Shay Vides,0.7287203073501587
Shayla Hockensmith,0.7215111255645752
Shayne Urick,0.7332333922386169
Sheilah Costas,0.7289145588874817
Shelby Sedillo,0.7349334359169006
Shelley Craw,0.7336069941520691
Shera Caruthers,0.7244002223014832
Sherell Burnley,0.7301729321479797
Sheri Fehr,0.7409776449203491
Sheri Lanni,0.7365708947181702
Sherice Fabre,0.7289080619812012
Sheridan Clogston,0.7219939827919006
Sherly Mccutchen,0.7312179803848267
Sherman Westberry,0.7286639213562012
Sherril Scales,0.7113770246505737
Sherron Sigala,0.7334685325622559
Sherry Chaplin,0.7328294515609741
Sherwood Esper,0.7223234176635742
Sheryll Isenberg,0.7258632183074951
Sheryll Tipping,0.7343870401382446
Shiela Fremont,0.7338342666625977
Shila Geibel,0.7286797165870667
Shila Winn,0.7208853363990784
Shirleen Higby,0.7338334918022156
Shirly Bruneau,0.726928174495697
Shyla Dau,0.7342295050621033
Shyla Moritz,0.7336300015449524
Signe Birney,0.7271705865859985
Signe Coombe,0.7251403331756592
Signe Graney,0.732234001159668
Simon Lenzi,0.7177242636680603
Simone Tezeno,0.7231231927871704
Sina Lukasik,0.7176814079284668
Skye Garris,0.7289102673530579
Soila Parisi,0.7218645811080933
Soledad Vetter,0.7267481088638306
Somer Chapman,0.7172537446022034
Sona Saidi,0.7190427780151367
Sondra Squillace,0.7344430685043335
Song Kubat,0.738823652267456
Sonja Folks,0.7393045425415039
Sonny Frenette,0.7343223690986633
Sonny Hayslip,0.7326894998550415
Soo Goshorn,0.7215906381607056
Sook Jeske,0.7293397784233093
Soon Pouncy,0.73375004529953
Sparkle Manus,0.7337728142738342
Spring Ponce,0.7224007248878479
Stacee Lamarche,0.7170422673225403
Staci Arreguin,0.7271811366081238
Stacia Fambro,0.7151844501495361
Stacie Lawler,0.7220556735992432
Stanley Lair,0.7171496748924255
Stanton Rahim,0.716130256652832
Starr Deshotel,0.7398474812507629
Stasia Schindler,0.7355934977531433
Stella Despain,0.7344054579734802
Stepanie Gagnon,0.7159170508384705
Stephania Geier,0.7279000282287598
Stephen Schaller,0.7228211760520935
Steve Mcgirt,0.7262401580810547
Stormy Eggert,0.7319337725639343
Sudie Galante,0.7217951416969299
Sudie Macinnis,0.7203391790390015
Suellen Sigmon,0.7199755311012268
Suk Gould,0.735223114490509
Sulema Scheffler,0.7382674217224121
Sumiko Melton,0.7396522164344788
Susann Schwarz,0.7117612361907959
Susannah Camilleri,0.7209413051605225
Susanne Haug,0.7208148837089539
Susie Weekly,0.7112390398979187
Suzanna Hardee,0.7327454686164856
Sylvester Grief,0.7208056449890137
Sylvester Um,0.7335332036018372
Ta Hepler,0.7259770631790161
Tabatha Wysong,0.7215763330459595
Talia Boehman,0.728016197681427
Tamala Luciano,0.7207675576210022
Tamara Tapper,0.7236708998680115
Tameika Hamernik,0.739785373210907
Tamera Guarnieri,0.727855384349823
Tamesha Florez,0.7173348069190979
Tamica Chiu,0.7259910106658936
Tamiko Seago,0.72356778383255
Tamisha Trumbull,0.7184756398200989
Tammie Beggs,0.7308586835861206
Tammy Jone,0.7271336317062378
Tamra Trisler,0.7332841157913208
Tandy Ammann,0.7188564538955688
Taneka Noto,0.7284190058708191
Tanesha Knutson,0.739044725894928
Tangela Warfield,0.7208492755889893
Tanja Jarnagin,0.7329332828521729
Tanya Rosier,0.7249854207038879
Tara Chalk,0.7271878123283386
Tara Noll,0.7256152033805847
Tara Wedding,0.7333487868309021
Tarsha Melendrez,0.7175313234329224
Tatum Moodie,0.7321047186851501
Tawanna Porath,0.7189637422561646
Tawna Watanabe,0.7183433771133423
Tawny Lipsey,0.7154591083526611
Tegan Zepeda,0.7336732149124146
Teisha Lanphere,0.7335496544837952
Tenisha Merriam,0.7273170948028564
Tennille Crunk,0.7327519059181213
Teodoro Menzel,0.7284988760948181
Teodoro Monks,0.7092768549919128
Tequila Magee,0.7208409905433655
Tequila Sarro,0.7278277277946472
Tereasa Pinzon,0.7221744060516357
Teresia Edling,0.7306385636329651
Teri Alderson,0.7325935959815979
Terrell Vanduzer,0.7399420738220215
Terri Dubuisson,0.7181519269943237
Terrie Bonetti,0.7144591212272644
Terrilyn Giles,0.7344357967376709
Tessa Humbert,0.7396517395973206
Tessie Calfee,0.7323850393295288
Thalia Luera,0.7350197434425354
Thea Gettings,0.7299982905387878
Theda Howard,0.7272882461547852
Therese Carrier,0.7285293936729431
Therese Faunce,0.7218228578567505
Theresia Trowell,0.7331826686859131
Theron Galeana,0.7320253849029541
Thomas Baumeister,0.7244323492050171
Thomasena Hartig,0.7042042016983032
Thora Sperber,0.7120116949081421
Thresa Zahler,0.731057345867157
Thuy Barefoot,0.7272091507911682
Tianna Greenwell,0.7384749054908752
Tiffani Coupe,0.7323421239852905
Tiffany Demaris,0.7210226058959961
Timmy Baumer,0.7032899856567383
Timmy Fulford,0.7280332446098328
Timothy Podkowka,0.7269991636276245
Tinisha Metheny,0.7269299030303955
Tinisha Winfrey,0.7329707145690918
Tiny Whidbee,0.7318312525749207
Tisa Blasingame,0.7173058390617371
Titus Zorn,0.7269655466079712
Tobias Zirkind,0.7387503981590271
Tomas Layton,0.7304280996322632
Tomeka Ehrhardt,0.7240825891494751
Tomika Sylvestre,0.7289114594459534
Tommy Coppock,0.7103073596954346
Tommy Rendell,0.7323836088180542
Tomoko Dollins,0.7171086668968201
Tomoko Wrede,0.7242677807807922
Tona Hurlbut,0.7217497825622559
Tonette Rye,0.7267053723335266
Toni Cluff,0.7119519114494324
Tonia Muniz,0.7332985997200012
Tonie Hossain,0.7279077172279358
Tonie Laberge,0.7391353845596313
Tony Manske,0.7334414124488831
Tony Story,0.7415908575057983
Tora Epperly,0.7258183360099792
Tora Scheffel,0.6994616985321045
Tori Blaker,0.7398842573165894
Tosha Aquilar,0.7145902514457703
Toshiko Sacco,0.7145134210586548
Toya Mohammed,0.7301134467124939
Tracey Chrisman,0.7375041246414185
Tracey More,0.7157382369041443
Tracey Selke,0.7325478792190552
Trang Mazzariello,0.7095932364463806
Treasa Desai,0.7372721433639526
Treasa Island,0.7272884845733643
Trent Lammers,0.7261062264442444
Trenton Gunning,0.7326186299324036
Tresa Herandez,0.7324802875518799
Tressie Carruth,0.737058699131012
Tricia Kennan,0.7233861684799194
Tricia Seevers,0.7392956018447876
Trinity Moline,0.7154250144958496
Trudie Barret,0.7331486344337463
Trudie Hilchey,0.720726490020752
Tuan Delrio,0.7385836839675903
Tula Dooling,0.7320234775543213
Twila Alfieri,0.7197756171226501
Tyesha Savell,0.7223337888717651
Tyisha Lauritsen,0.72165846824646
Tyler Schlatter,0.7219559550285339
Tyson Delorenzo,0.714009165763855
Tyson Finn,0.7293879985809326
Tyson High,0.7328966856002808
Ursula Celestine,0.7147579193115234
Vada Pesina,0.7156106233596802
Valene Cortese,0.7331474423408508
Valeria Banerjee,0.7222476601600647
Valery Ensminger,0.7251033782958984
Vallie Canton,0.7416284084320068
Vanesa Hetherington,0.7077341079711914
Vanesa Lefort,0.7217949032783508
Vanessa Marty,0.7332656383514404
Venessa Ishibashi,0.7327834367752075
Vennie Michell,0.7285190224647522
Verdell Dunigan,0.7150236368179321
Verdie Domingo,0.7210379838943481
Verena Rini,0.7340763211250305
Vergie Lehto,0.7256491780281067
Verla Harlin,0.734308660030365
Verna Jerry,0.7339087724685669
Vernetta Hennessy,0.7085546255111694
Vernia Coloma,0.7342042922973633
Vernice Daves,0.7224525809288025
Vernie Whitelaw,0.7175604701042175
Veronica Ingalls,0.7323898077011108
Veronique Hogans,0.7216711044311523
Veronique Sparrow,0.7328509092330933
Versie Shelley,0.7180780172348022
Vi Cantara,0.7201292514801025
Vickey Bruggeman,0.7378827929496765
Vina Danford,0.7337142825126648
Vina Sheedy,0.7376427054405212
Vincent Darcangelo,0.7334741353988647
Vincenza Conant,0.7291834354400635
Vincenzo Allsup,0.7139208912849426
Vinnie Stull,0.7335569262504578
Violeta Cleary,0.7213171720504761
Violeta Parkin,0.7391813397407532
Virginia Latson,0.7380763292312622
Vita Lizaola,0.7264893651008606
Vito Sundquist,0.7331429123878479
Viva Grainger,0.7277482151985168
Viviana Fason,0.733051598072052
Vivienne Raphael,0.7337830662727356
Von Slayton,0.7353744506835938
Vonda Partlow,0.7333278656005859
Wai Legge,0.7235480546951294
Wally Lavoie,0.7320640087127686
Walter Squillace,0.7214136719703674
Walton Talmadge,0.728325366973877
Wanda Crowden,0.7339686155319214
Waneta Zaremba,0.7223407030105591
Wanetta Fyfe,0.7226763367652893
Wanita Calzada,0.7285224795341492
Ward Ealy,0.7319613099098206
Warren Wengert,0.7234489917755127
Waylon Schnitzer,0.7292760014533997
Wayne Dials,0.7214046120643616
Wei Losh,0.724565863609314
Weldon Perna,0.7246154546737671
Weldon Strunk,0.7180967330932617
Wendell Blackmer,0.7155114412307739
Wendie Urman,0.7317721247673035
Wilber Haymon,0.7324344515800476
Wilbur Shope,0.7214394211769104
Wilford Mackin,0.7270604968070984
Wilhemina Luckey,0.7264358997344971
Willard Dutremble,0.7293962240219116
Willene Cristobal,0.7159515023231506
Willene Shears,0.7067391872406006
Willetta Herald,0.7253877520561218
Williams Banh,0.7290571928024292
Willian Blust,0.7219700217247009
Williemae Salomon,0.7233774065971375
Wilmer Carlin,0.7393126487731934
Wilmer Standley,0.7234575748443604
Wilson Ressler,0.7387871742248535
Winford Weiler,0.7262971997261047
Xavier Mennella,0.7279244065284729
Xiomara Blanks,0.7401735782623291
Xiomara Mcnabb,0.7331854701042175
Xuan Henningsen,0.7278080582618713
Yajaira Ridgley,0.7401038408279419
Yelena Cloninger,0.7274256348609924
Yer Avey,0.7294083833694458
Yessenia Oconnor,0.721476137638092
Yessenia Willson,0.7382301688194275
Yevette Vickers,0.7245340347290039
Ying Garrow,0.7328988909721375
Ying Koogler,0.7330788373947144
Yolanda Cowboy,0.7220155000686646
Yong Wurth,0.712867796421051
Young Datta,0.7169530987739563
Yuki Uhler,0.7319413423538208
Yun Guimond,0.7076922059059143
Yuonne Harpster,0.721849262714386
Yuriko Castiglione,0.7398538589477539
Zachery Winford,0.7277134656906128
Zackary Narducci,0.7262274622917175
Zaida Koepke,0.7164374589920044
Zofia Bilodeau,0.7328680753707886
Zofia Knoles,0.7084600925445557
Zoila Buth,0.7324177026748657
Zoila Faler,0.7262498140335083
Zola Howley,0.738599419593811
Zona Thorton,0.7337380051612854
